no,kode_nama,kode,no_urut,program_studi,status_kepegawaian,jfa,dik_diakui,lit_diakui,abdimas_diakui,penunjang,prof_diakui,total_sks,pemenuhan_tridarma,cluster
118,S2TI-021,S2TI,21,PRODI S2 TEKNIK INDUSTRI (FRI) (2019),DOSEN PEGAWAI TETAP,LK,8.04,3.25,3.1,2.5,0.0,39.88,MEMENUHI,2
123,S2TI-022,S2TI,22,PRODI S2 TEKNIK INDUSTRI (FRI) (2019),DOSEN PEGAWAI TETAP,LK,5.891666666666669,7.000000000000001,1.3,5.16666666666666,0.0,51.56666666666666,MEMENUHI,2
126,S2TI-023,S2TI,23,PRODI S2 TEKNIK INDUSTRI (FRI) (2019),DOSEN PEGAWAI TETAP,L,8.424999999999994,3.5,0.2,5.0,0.0,48.24999999999999,TDK MEMENUHI,2
31,S2TI-024,S2TI,24,PRODI S2 TEKNIK INDUSTRI (FRI) (2019),DOSEN PEGAWAI TETAP,L,4.466666666666663,5.915,1.05,5.83333333333335,0.0,44.08000000000003,MEMENUHI,2
29,S2TI-026,S2TI,26,PRODI S2 TEKNIK INDUSTRI (FRI) (2019),DOSEN PEGAWAI TETAP,AA,5.293333333333326,5.25,0.85,2.75,0.0,40.886666666666656,MEMENUHI,2
66,S2TI-027,S2TI,27,PRODI S2 TEKNIK INDUSTRI (FRI) (2019),DOSEN PROFESIONAL FULL TIME,LK,0.0,1.0,1.4,0.5,0.0,3.9000000000000004,TDK MEMENUHI,0
106,S1TI-011,S1TI,11,PRODI S1 TEKNIK INDUSTRI (FRI) (2019),DOSEN CALON PEGAWAI TETAP,NJFA,2.9899999999999967,4.25,1.35,3.333333333333335,0.0,49.94666666666667,MEMENUHI,2
64,S1TI-012,S1TI,12,PRODI S1 TEKNIK INDUSTRI (FRI) (2019),DOSEN PROFESIONAL FULL TIME,L,4.558333333333335,12.125,2.35,1.5,0.0,55.16666666666667,MEMENUHI,2
20,S1TI-013,S1TI,13,PRODI S1 TEKNIK INDUSTRI (FRI) (2019),DOSEN PEGAWAI TETAP,L,0.9999999999999991,2.2499999999999996,0.75,1.75,0.0,25.5,MEMENUHI,1
38,S1TI-014,S1TI,14,PRODI S1 TEKNIK INDUSTRI (FRI) (2019),DOSEN PEGAWAI TETAP,L,6.985000000000005,6.415,2.25,2.75,0.0,46.35000000000001,MEMENUHI,2
54,S1TI-015,S1TI,15,PRODI S1 TEKNIK INDUSTRI (FRI) (2019),DOSEN PEGAWAI TETAP,AA,1.3316666666666581,3.25,0.2,1.5,0.0,34.26333333333332,MEMENUHI,1
122,S1TI-016,S1TI,16,PRODI S1 TEKNIK INDUSTRI (FRI) (2019),DOSEN PEGAWAI TETAP,L,2.558333333333316,0.0,0.75,1.25,0.0,20.11666666666663,TDK MEMENUHI,1
116,S1TI-017,S1TI,17,PRODI S1 TEKNIK INDUSTRI (FRI) (2019),DOSEN PEGAWAI TETAP,L,3.9333333333333513,2.0,1.05,2.16666666666667,0.0,32.80000000000005,MEMENUHI,1
117,S1TI-018,S1TI,18,PRODI S1 TEKNIK INDUSTRI (FRI) (2019),DOSEN PEGAWAI TETAP,L,6.96666666666667,0.0,0.0,0.0,0.0,17.93333333333334,MEMENUHI,2
2,S1TI-019,S1TI,19,PRODI S1 TEKNIK INDUSTRI (FRI) (2019),DOSEN PEGAWAI TETAP,AA,1.66666666666665,0.0,0.75,0.0,0.0,22.3333333333333,TDK MEMENUHI,0
69,S1TI-020,S1TI,20,PRODI S1 TEKNIK INDUSTRI (FRI) (2019),DOSEN PEGAWAI TETAP,AA,5.4566666666666634,3.455,1.85,2.41666666666667,0.0,36.25666666666667,MEMENUHI,2
70,S1TI-021,S1TI,21,PRODI S1 TEKNIK INDUSTRI (FRI) (2019),DOSEN PEGAWAI TETAP,AA,5.876666666666658,1.0,1.35,5.999999999999985,0.0,47.68333333333329,MEMENUHI,2
127,S1TI-022,S1TI,22,PRODI S1 TEKNIK INDUSTRI (FRI) (2019),DOSEN PEGAWAI TETAP,L,8.935,3.625,0.2,0.75,0.0,30.52,TDK MEMENUHI,2
124,S1TI-023,S1TI,23,PRODI S1 TEKNIK INDUSTRI (FRI) (2019),DOSEN PEGAWAI TETAP,AA,5.82333333333334,0.5,1.25,1.25,0.0,23.74666666666668,MEMENUHI,2
120,S1TI-024,S1TI,24,PRODI S1 TEKNIK INDUSTRI (FRI) (2019),DOSEN PEGAWAI TETAP,L,8.260000000000002,0.0,1.75,1.0,0.0,30.020000000000003,TDK MEMENUHI,2
4,S1TI-025,S1TI,25,PRODI S1 TEKNIK INDUSTRI (FRI) (2019),DOSEN PEGAWAI TETAP,L,3.118333333333325,0.5,1.25,1.25,0.0,41.43666666666665,MEMENUHI,1
40,S1TI-026,S1TI,26,PRODI S1 TEKNIK INDUSTRI (FRI) (2019),DOSEN PEGAWAI TETAP,L,5.243333333333325,3.5,0.75,3.5,0.0,37.63666666666665,MEMENUHI,2
128,S1TI-027,S1TI,27,PRODI S1 TEKNIK INDUSTRI (FRI) (2019),DOSEN PEGAWAI TETAP,AA,0.8000000000000007,1.29,1.25,1.25,0.0,23.630000000000003,MEMENUHI,1
6,S1TI-028,S1TI,28,PRODI S1 TEKNIK INDUSTRI (FRI) (2019),DOSEN PEGAWAI TETAP,AA,5.826666666666661,1.75,1.65,1.25,0.0,31.453333333333322,MEMENUHI,2
71,S1TI-029,S1TI,29,PRODI S1 TEKNIK INDUSTRI (FRI) (2019),DOSEN PEGAWAI TETAP,AA,4.39333333333334,1.0000000000000002,1.25,4.66666666666665,0.0,33.369999999999976,MEMENUHI,2
61,S1TI-030,S1TI,30,PRODI S1 TEKNIK INDUSTRI (FRI) (2019),DOSEN PEGAWAI TETAP,L,3.2999999999999954,4.75,1.25,8.25,0.0,62.86999999999999,MEMENUHI,2
7,S1TI-031,S1TI,31,PRODI S1 TEKNIK INDUSTRI (FRI) (2019),DOSEN PEGAWAI TETAP,L,3.1666666666666643,2.0,2.35,3.25,0.0,37.53333333333333,MEMENUHI,1
3,S1TI-032,S1TI,32,PRODI S1 TEKNIK INDUSTRI (FRI) (2019),DOSEN PEGAWAI TETAP,AA,2.7250000000000005,3.0,0.75,4.333333333333335,0.0,42.91666666666667,MEMENUHI,2
45,S1TI-033,S1TI,33,PRODI S1 TEKNIK INDUSTRI (FRI) (2019),DOSEN PEGAWAI TETAP,AA,3.3933333333333344,1.5,0.75,3.166666666666665,0.0,28.82,MEMENUHI,1
125,S1TI-034,S1TI,34,PRODI S1 TEKNIK INDUSTRI (FRI) (2019),DOSEN PEGAWAI TETAP,L,4.11,3.915,0.75,3.333333333333335,0.0,35.21666666666667,MEMENUHI,2
35,S1TI-035,S1TI,35,PRODI S1 TEKNIK INDUSTRI (FRI) (2019),DOSEN PEGAWAI TETAP,AA,5.0233333333333405,3.71,2.65,2.25,0.0,42.16666666666668,MEMENUHI,2
9,S1TI-036,S1TI,36,PRODI S1 TEKNIK INDUSTRI (FRI) (2019),DOSEN PEGAWAI TETAP,L,2.231666666666665,3.25,0.75,0.75,0.0,20.96333333333333,TDK MEMENUHI,1
95,S1TI-037,S1TI,37,PRODI S1 TEKNIK INDUSTRI (FRI) (2019),DOSEN PEGAWAI TETAP,NJFA,3.0683333333333334,3.21,2.35,1.25,0.0,47.50666666666667,MEMENUHI,1
10,S1TI-038,S1TI,38,PRODI S1 TEKNIK INDUSTRI (FRI) (2019),DOSEN PEGAWAI TETAP,L,6.89,0.0,0.75,0.0,0.0,15.049999999999999,TDK MEMENUHI,2
50,S1TI-039,S1TI,39,PRODI S1 TEKNIK INDUSTRI (FRI) (2019),DOSEN PEGAWAI TETAP,AA,0.0,0.0,0.0,0.0,0.0,10.0,TDK MEMENUHI,0
49,S1TI-040,S1TI,40,PRODI S1 TEKNIK INDUSTRI (FRI) (2019),DOSEN PEGAWAI TETAP,AA,6.833333333333334,3.0,3.85,2.25,0.0,44.96666666666667,MEMENUHI,2
47,S1TI-041,S1TI,41,PRODI S1 TEKNIK INDUSTRI (FRI) (2019),DOSEN PEGAWAI TETAP,AA,2.9333333333333336,1.75,2.15,1.0,0.0,17.266666666666666,TDK MEMENUHI,1
14,S1TI-042,S1TI,42,PRODI S1 TEKNIK INDUSTRI (FRI) (2019),DOSEN PEGAWAI TETAP,L,6.85,0.0,0.0,0.0,0.0,13.7,TDK MEMENUHI,2
74,S1TI-043,S1TI,43,PRODI S1 TEKNIK INDUSTRI (FRI) (2019),DOSEN PROFESIONAL FULL TIME,AA,2.5233333333333334,3.0,2.35,5.91666666666665,0.0,44.17999999999997,MEMENUHI,2
129,S1TI-044,S1TI,44,PRODI S1 TEKNIK INDUSTRI (FRI) (2019),DOSEN PEGAWAI TETAP,L,8.689999999999998,1.33,1.35,2.25,0.0,60.53,MEMENUHI,2
51,S1TI-045,S1TI,45,PRODI S1 TEKNIK INDUSTRI (FRI) (2019),DOSEN PEGAWAI TETAP,AA,6.558333333333335,3.875,2.35,0.0,0.0,48.16666666666667,MEMENUHI,2
59,S1TI-046,S1TI,46,PRODI S1 TEKNIK INDUSTRI (FRI) (2019),DOSEN PEGAWAI TETAP,AA,4.1516666666666655,2.2100000000000004,2.45,1.5,0.0,40.52333333333333,MEMENUHI,1
121,S1TI-047,S1TI,47,PRODI S1 TEKNIK INDUSTRI (FRI) (2019),DOSEN PEGAWAI TETAP,L,7.311666666666665,0.33000000000000007,0.75,0.0,0.0,18.95333333333333,MEMENUHI,2
41,S1TI-048,S1TI,48,PRODI S1 TEKNIK INDUSTRI (FRI) (2019),DOSEN PEGAWAI TETAP,NJFA,6.55,2.0,0.0,0.75,0.0,25.17,MEMENUHI,2
100,S1TI-049,S1TI,49,PRODI S1 TEKNIK INDUSTRI (FRI) (2019),DOSEN CALON PEGAWAI TETAP,AA,3.8183333333333387,3.0,1.15,3.5,0.0,41.33666666666667,MEMENUHI,2
115,S1TI-050,S1TI,50,PRODI S1 TEKNIK INDUSTRI (FRI) (2019),DOSEN PEGAWAI TETAP,L,4.933333333333334,5.0,1.55,1.25,0.0,31.46666666666667,MEMENUHI,2
119,S1TI-051,S1TI,51,PRODI S1 TEKNIK INDUSTRI (FRI) (2019),DOSEN PEGAWAI TETAP,L,2.674999999999998,0.0,1.25,1.91666666666667,0.0,19.013333333333335,TDK MEMENUHI,1
43,S1TI-052,S1TI,52,PRODI S1 TEKNIK INDUSTRI (FRI) (2019),DOSEN PEGAWAI TETAP,AA,5.931666666666665,0.0,0.0,0.0,0.0,19.36333333333333,TDK MEMENUHI,1
11,S1TI-053,S1TI,53,PRODI S1 TEKNIK INDUSTRI (FRI) (2019),DOSEN PROFESIONAL PART TIME,NJFA,1.4333333333333398,0.5000000000000001,0.75,0.0,0.0,10.96666666666668,MEMENUHI,0
68,S1TI-054,S1TI,54,PRODI S1 TEKNIK INDUSTRI (FRI) (2019),DOSEN PROFESIONAL FULL TIME,LK,2.384999999999999,2.5,1.1,2.0,0.0,24.469999999999995,MEMENUHI,1
83,S1TI-055,S1TI,55,PRODI S1 TEKNIK INDUSTRI (FRI) (2019),DOSEN PROFESIONAL FULL TIME,NJFA,2.923333333333334,1.75,1.75,3.5,0.0,36.04666666666667,MEMENUHI,1
46,S1TI-056,S1TI,56,PRODI S1 TEKNIK INDUSTRI (FRI) (2019),DOSEN PROFESIONAL FULL TIME,AA,3.535,4.5,0.75,0.0,0.0,23.72,MEMENUHI,1
24,S1TI-057,S1TI,57,PRODI S1 TEKNIK INDUSTRI (FRI) (2019),DOSEN PROFESIONAL FULL TIME,NJFA,2.9333333333333336,2.415,0.55,1.0,0.0,30.94666666666667,MEMENUHI,1
94,S1TI-058,S1TI,58,PRODI S1 TEKNIK INDUSTRI (FRI) (2019),DOSEN PROFESIONAL FULL TIME,L,0.0,0.0,0.0,0.0,0.0,0.0,TDK MEMENUHI,0
72,S1TI-059,S1TI,59,PRODI S1 TEKNIK INDUSTRI (FRI) (2019),DOSEN PROFESIONAL FULL TIME,AA,2.41,1.75,1.85,2.0,0.0,31.22,MEMENUHI,1
104,S1TI-060,S1TI,60,PRODI S1 TEKNIK INDUSTRI (FRI) (2019),DOSEN PROFESIONAL FULL TIME,NJFA,0.0,0.0,0.0,0.0,0.0,0.0,TDK MEMENUHI,0
93,S1TI-061,S1TI,61,PRODI S1 TEKNIK INDUSTRI (FRI) (2019),DOSEN PROFESIONAL FULL TIME,NJFA,2.3183333333333316,2.0,0.0,0.0,0.0,29.436666666666664,TDK MEMENUHI,1
26,S1TI-062,S1TI,62,PRODI S1 TEKNIK INDUSTRI (FRI) (2019),DOSEN PROFESIONAL PART TIME,NJFA,0.8833333333333289,1.5,0.0,1.25,0.0,12.916666666666657,TDK MEMENUHI,0
58,S1TI-063,S1TI,63,PRODI S1 TEKNIK INDUSTRI (FRI) (2019),DOSEN PROFESIONAL FULL TIME,NJFA,2.3683333333333323,3.165,1.65,0.75,0.0,25.866666666666664,MEMENUHI,1
75,S1TI-064,S1TI,64,PRODI S1 TEKNIK INDUSTRI (FRI) (2019),DOSEN PROFESIONAL PART TIME,NJFA,0.0,0.0,0.0,0.0,0.0,2.4,TDK MEMENUHI,0
23,S1TI-065,S1TI,65,PRODI S1 TEKNIK INDUSTRI (FRI) (2019),DOSEN PROFESIONAL PART TIME,L,0.0,0.0,0.0,0.0,0.0,5.4,TDK MEMENUHI,0
30,S1TI-066,S1TI,66,PRODI S1 TEKNIK INDUSTRI (FRI) (2019),DOSEN PROFESIONAL FULL TIME,LK,4.168333333333333,5.75,2.8,2.083333333333335,0.0,40.60333333333334,MEMENUHI,2
89,S1TI-067,S1TI,67,PRODI S1 TEKNIK INDUSTRI (FRI) (2019),DOSEN PROFESIONAL PART TIME,NJFA,0.75,1.0,0.0,0.0,0.0,14.6,TDK MEMENUHI,0
113,S1TI-068,S1TI,68,PRODI S1 TEKNIK INDUSTRI (FRI) (2019),DOSEN PROFESIONAL FULL TIME,NJFA,0.0,0.0,0.0,0.0,0.0,0.0,TDK MEMENUHI,0
56,S1TI-069,S1TI,69,PRODI S1 TEKNIK INDUSTRI (FRI) (2019),DOSEN PROFESIONAL FULL TIME,AA,1.1666666666666643,0.0,0.0,0.0,0.0,14.433333333333328,TDK MEMENUHI,0
55,S1TI-070,S1TI,70,PRODI S1 TEKNIK INDUSTRI (FRI) (2019),DOSEN PROFESIONAL PART TIME,L,0.6983333333333288,0.41999999999999993,0.75,0.0,0.0,24.816666666666656,MEMENUHI,0
112,S1TI-071,S1TI,71,PRODI S1 TEKNIK INDUSTRI (FRI) (2019),DOSEN PROFESIONAL FULL TIME,NJFA,0.0,0.0,0.0,0.0,0.0,0.0,TDK MEMENUHI,0
90,S1TI-072,S1TI,72,PRODI S1 TEKNIK INDUSTRI (FRI) (2019),DOSEN PROFESIONAL FULL TIME,L,1.6849999999999987,0.0,0.0,1.0,0.0,24.869999999999997,TDK MEMENUHI,0
111,S1TI-073,S1TI,73,PRODI S1 TEKNIK INDUSTRI (FRI) (2019),DOSEN PROFESIONAL FULL TIME,NJFA,0.0,0.0,0.0,0.0,0.0,15.0,TDK MEMENUHI,0
101,S1TI-074,S1TI,74,PRODI S1 TEKNIK INDUSTRI (FRI) (2019),DOSEN PROFESIONAL FULL TIME,NJFA,0.0,0.0,0.0,0.0,0.0,0.0,TDK MEMENUHI,0
25,S1SI-031,S1SI,31,PRODI S1 SISTEM INFORMASI (FRI) (2019),DOSEN PROFESIONAL FULL TIME,NJFA,4.640000000000004,2.0,0.85,1.25,0.0,35.28000000000001,MEMENUHI,1
73,S1SI-032,S1SI,32,PRODI S1 SISTEM INFORMASI (FRI) (2019),DOSEN PROFESIONAL FULL TIME,NJFA,3.758333333333349,1.58,1.35,7.8333333333333,0.0,50.5433333333333,MEMENUHI,2
63,S1SI-033,S1SI,33,PRODI S1 SISTEM INFORMASI (FRI) (2019),DOSEN PROFESIONAL FULL TIME,L,2.856666666666669,2.0,1.05,1.5,0.0,32.81333333333334,MEMENUHI,1
32,S1SI-034,S1SI,34,PRODI S1 SISTEM INFORMASI (FRI) (2019),DOSEN PEGAWAI TETAP,AA,3.290000000000001,0.0,0.0,0.0,0.0,17.880000000000003,TDK MEMENUHI,1
77,S1SI-035,S1SI,35,PRODI S1 SISTEM INFORMASI (FRI) (2019),DOSEN PROFESIONAL FULL TIME,L,5.151666666666664,0.0,2.35,0.5,0.0,35.203333333333326,MEMENUHI,1
84,S1SI-036,S1SI,36,PRODI S1 SISTEM INFORMASI (FRI) (2019),DOSEN PROFESIONAL FULL TIME,NJFA,3.125,1.625,0.75,4.25,0.0,39.33,MEMENUHI,1
34,S1SI-037,S1SI,37,PRODI S1 SISTEM INFORMASI (FRI) (2019),DOSEN PEGAWAI TETAP,L,5.425000000000001,2.834999999999999,1.25,3.16666666666665,0.0,65.2533333333333,MEMENUHI,2
97,S1SI-038,S1SI,38,PRODI S1 SISTEM INFORMASI (FRI) (2019),DOSEN PEGAWAI TETAP,AA,3.193333333333335,1.21,2.35,8.0833333333333,0.0,55.84333333333328,MEMENUHI,2
53,S1SI-039,S1SI,39,PRODI S1 SISTEM INFORMASI (FRI) (2019),DOSEN PEGAWAI TETAP,AA,5.864999999999998,3.0,0.0,3.666666666666655,0.0,37.063333333333304,TDK MEMENUHI,2
13,S1SI-040,S1SI,40,PRODI S1 SISTEM INFORMASI (FRI) (2019),DOSEN PEGAWAI TETAP,L,6.0,0.0,0.0,0.0,0.0,12.0,TDK MEMENUHI,1
36,S1SI-041,S1SI,41,PRODI S1 SISTEM INFORMASI (FRI) (2019),DOSEN PEGAWAI TETAP,LK,7.758333333333327,3.0000000000000018,2.0,2.5,0.0,48.246666666666655,MEMENUHI,2
103,S1SI-042,S1SI,42,PRODI S1 SISTEM INFORMASI (FRI) (2019),DOSEN CALON PEGAWAI TETAP,NJFA,3.3916666666666657,0.8300000000000001,0.85,2.5,0.0,35.31333333333333,MEMENUHI,1
88,S1SI-043,S1SI,43,PRODI S1 SISTEM INFORMASI (FRI) (2019),DOSEN PEGAWAI TETAP,L,3.41,2.915,0.0,1.25,0.0,39.15,TDK MEMENUHI,1
60,S1SI-044,S1SI,44,PRODI S1 SISTEM INFORMASI (FRI) (2019),DOSEN PEGAWAI TETAP,AA,5.4,0.0,0.0,0.0,0.0,10.8,TDK MEMENUHI,1
28,S1SI-045,S1SI,45,PRODI S1 SISTEM INFORMASI (FRI) (2019),DOSEN PEGAWAI TETAP,L,6.033333333333333,2.0,0.2,0.0,0.0,15.266666666666666,MEMENUHI,2
48,S1SI-046,S1SI,46,PRODI S1 SISTEM INFORMASI (FRI) (2019),DOSEN PEGAWAI TETAP,AA,3.695000000000004,1.9150000000000005,0.55,1.583333333333335,0.0,32.18666666666668,MEMENUHI,1
82,S1SI-047,S1SI,47,PRODI S1 SISTEM INFORMASI (FRI) (2019),DOSEN PROFESIONAL FULL TIME,NJFA,5.464999999999996,3.205,1.35,6.666666666666685,0.0,66.37333333333336,MEMENUHI,2
92,S1SI-048,S1SI,48,PRODI S1 SISTEM INFORMASI (FRI) (2019),DOSEN PEGAWAI TETAP,L,4.818333333333335,4.875000000000001,0.95,6.916666666666639,0.0,69.21999999999994,MEMENUHI,2
5,S1SI-049,S1SI,49,PRODI S1 SISTEM INFORMASI (FRI) (2019),DOSEN PEGAWAI TETAP,AA,6.0,0.0,0.0,0.0,0.0,12.0,TDK MEMENUHI,1
37,S1SI-050,S1SI,50,PRODI S1 SISTEM INFORMASI (FRI) (2019),DOSEN PEGAWAI TETAP,L,5.734999999999999,3.165,2.25,1.333333333333335,0.0,32.46666666666667,MEMENUHI,2
57,S1SI-051,S1SI,51,PRODI S1 SISTEM INFORMASI (FRI) (2019),DOSEN PEGAWAI TETAP,NJFA,6.0,0.0,0.0,0.0,0.0,12.0,TDK MEMENUHI,1
62,S1SI-052,S1SI,52,PRODI S1 SISTEM INFORMASI (FRI) (2019),DOSEN PEGAWAI TETAP,AA,5.383333333333333,1.375,0.95,3.1666666666666847,0.0,47.250000000000036,MEMENUHI,2
98,S1SI-053,S1SI,53,PRODI S1 SISTEM INFORMASI (FRI) (2019),DOSEN PEGAWAI TETAP,AA,3.8599999999999994,1.8299999999999998,1.45,10.16666666666682,0.0,55.043333333333635,MEMENUHI,2
78,S1SI-054,S1SI,54,PRODI S1 SISTEM INFORMASI (FRI) (2019),DOSEN PROFESIONAL FULL TIME,AA,6.1733333333333285,2.33,1.55,4.333333333333335,0.0,44.77333333333333,MEMENUHI,2
52,S1SI-055,S1SI,55,PRODI S1 SISTEM INFORMASI (FRI) (2019),DOSEN PEGAWAI TETAP,AA,6.26666666666667,3.795,1.75,4.49999999999999,0.0,50.42333333333332,MEMENUHI,2
1,S1SI-056,S1SI,56,PRODI S1 SISTEM INFORMASI (FRI) (2019),DOSEN PEGAWAI TETAP,L,3.1733333333333285,7.3500000000000005,2.45,3.75,0.0,85.94666666666666,MEMENUHI,2
8,S1SI-057,S1SI,57,PRODI S1 SISTEM INFORMASI (FRI) (2019),DOSEN PEGAWAI TETAP,AA,0.5,0.0,0.0,0.0,0.0,1.0,TDK MEMENUHI,0
33,S1SI-058,S1SI,58,PRODI S1 SISTEM INFORMASI (FRI) (2019),DOSEN PEGAWAI TETAP,AA,6.7816666666666485,3.0,1.55,5.083333333333335,0.0,52.529999999999966,MEMENUHI,2
18,S1SI-059,S1SI,59,PRODI S1 SISTEM INFORMASI (FRI) (2019),DOSEN PEGAWAI TETAP,L,2.341666666666664,2.25,0.0,2.5,0.0,25.733333333333327,TDK MEMENUHI,1
67,S1SI-060,S1SI,60,PRODI S1 SISTEM INFORMASI (FRI) (2019),DOSEN PEGAWAI TETAP,L,6.1850000000000005,2.25,0.55,2.083333333333335,0.0,44.63666666666668,MEMENUHI,2
42,S1SI-061,S1SI,61,PRODI S1 SISTEM INFORMASI (FRI) (2019),DOSEN PEGAWAI TETAP,AA,5.4,0.0,0.0,0.0,0.0,10.8,TDK MEMENUHI,1
39,S1SI-062,S1SI,62,PRODI S1 SISTEM INFORMASI (FRI) (2019),DOSEN PEGAWAI TETAP,AA,8.066666666666674,8.25,3.35,6.75,0.0,74.73333333333335,MEMENUHI,2
44,S1SI-063,S1SI,63,PRODI S1 SISTEM INFORMASI (FRI) (2019),DOSEN PEGAWAI TETAP,AA,4.276666666666664,2.5,0.0,3.75,0.0,39.75333333333333,TDK MEMENUHI,2
21,S1SI-064,S1SI,64,PRODI S1 SISTEM INFORMASI (FRI) (2019),DOSEN PEGAWAI TETAP,AA,4.558333333333339,3.0,2.55,5.750000000000005,0.0,52.81666666666669,MEMENUHI,2
19,S1SI-065,S1SI,65,PRODI S1 SISTEM INFORMASI (FRI) (2019),DOSEN PEGAWAI TETAP,L,6.5,0.0,0.75,0.5,0.0,16.3,TDK MEMENUHI,2
27,S1SI-066,S1SI,66,PRODI S1 SISTEM INFORMASI (FRI) (2019),DOSEN PROFESIONAL PART TIME,NJFA,0.25333333333333385,0.5,0.0,1.25,0.0,21.006666666666668,TDK MEMENUHI,0
81,S1SI-067,S1SI,67,PRODI S1 SISTEM INFORMASI (FRI) (2019),DOSEN PROFESIONAL FULL TIME,NJFA,3.3433333333333337,1.25,1.75,9.08333333333335,0.0,53.35333333333337,MEMENUHI,2
65,S1SI-068,S1SI,68,PRODI S1 SISTEM INFORMASI (FRI) (2019),DOSEN PROFESIONAL FULL TIME,AA,4.223333333333315,2.165,1.75,2.66666666666665,0.0,38.14999999999993,MEMENUHI,2
16,S1SI-069,S1SI,69,PRODI S1 SISTEM INFORMASI (FRI) (2019),DOSEN PROFESIONAL PART TIME,L,0.0,0.0,0.0,0.5,0.0,11.0,TDK MEMENUHI,0
108,S1SI-070,S1SI,70,PRODI S1 SISTEM INFORMASI (FRI) (2019),DOSEN PROFESIONAL FULL TIME,NJFA,2.335000000000001,0.0,0.0,0.0,0.0,28.67,TDK MEMENUHI,0
109,S1SI-071,S1SI,71,PRODI S1 SISTEM INFORMASI (FRI) (2019),DOSEN PROFESIONAL FULL TIME,NJFA,1.875,0.0,0.0,0.0,0.0,27.75,TDK MEMENUHI,0
114,S1SI-072,S1SI,72,PRODI S1 SISTEM INFORMASI (FRI) (2019),DOSEN PROFESIONAL FULL TIME,L,0.0,0.0,0.0,0.0,0.0,28.5,TDK MEMENUHI,0
105,S1SI-073,S1SI,73,PRODI S1 SISTEM INFORMASI (FRI) (2019),DOSEN PROFESIONAL FULL TIME,NJFA,0.0,0.0,0.0,0.0,0.0,0.0,TDK MEMENUHI,0
110,S1SI-074,S1SI,74,PRODI S1 SISTEM INFORMASI (FRI) (2019),DOSEN PROFESIONAL FULL TIME,NJFA,0.0,0.0,0.0,0.0,0.0,0.0,TDK MEMENUHI,0
96,S1SI-076,S1SI,76,PRODI S1 SISTEM INFORMASI (FRI) (2019),DOSEN PROFESIONAL FULL TIME,NJFA,0.0,0.0,0.0,0.0,0.0,0.0,TDK MEMENUHI,0
107,S1SI-079,S1SI,79,PRODI S1 SISTEM INFORMASI (FRI) (2019),DOSEN PROFESIONAL FULL TIME,NJFA,1.75,0.0,0.0,0.0,0.0,34.0,TDK MEMENUHI,0
102,S1SI-080,S1SI,80,PRODI S1 SISTEM INFORMASI (FRI) (2019),DOSEN PROFESIONAL FULL TIME,L,0.0,0.0,0.0,0.0,0.0,0.0,TDK MEMENUHI,0
17,S1SI-081,S1SI,81,PRODI S1 SISTEM INFORMASI (FRI) (2019),DOSEN PROFESIONAL FULL TIME,NJFA,2.965,1.0,0.75,1.0,0.0,28.93,MEMENUHI,1
15,S1SI-082,S1SI,82,PRODI S1 SISTEM INFORMASI (FRI) (2019),DOSEN PROFESIONAL FULL TIME,AA,1.3999999999999986,2.0,1.05,0.75,0.0,24.9,MEMENUHI,1
99,S1SI-084,S1SI,84,PRODI S1 SISTEM INFORMASI (FRI) (2019),DOSEN PROFESIONAL FULL TIME,NJFA,0.0,0.0,0.0,0.0,0.0,0.0,TDK MEMENUHI,0
12,S1TI-085,S1TI,85,PRODI S1 TEKNIK INDUSTRI (FRI) (2019),DOSEN PROFESIONAL FULL TIME,L,3.576666666666674,4.0,1.25,1.0,0.0,37.10333333333335,MEMENUHI,1
22,S1TI-086,S1TI,86,PRODI S1 TEKNIK INDUSTRI (FRI) (2019),DOSEN PROFESIONAL FULL TIME,NJFA,2.735000000000001,2.75,0.75,1.75,0.0,28.67,MEMENUHI,1
79,S1TI-087,S1TI,87,PRODI S1 TEKNIK INDUSTRI (FRI) (2019),DOSEN PROFESIONAL FULL TIME,NJFA,0.666666666666665,0.42000000000000004,1.75,0.0,0.0,5.15333333333333,TDK MEMENUHI,0
85,S1TL-041,S1TL,41,PRODI S1 TEKNIK LOGISTIK (FRI) (2019),DOSEN PROFESIONAL FULL TIME,NJFA,0.23333333333333428,1.495,1.25,1.75,0.0,39.25666666666667,MEMENUHI,0
91,S1TL-042,S1TL,42,PRODI S1 TEKNIK LOGISTIK (FRI) (2019),DOSEN PEGAWAI TETAP,NJFA,1.5999999999999996,1.25,0.75,5.5,0.0,33.099999999999994,MEMENUHI,1
80,S1TL-043,S1TL,43,PRODI S1 TEKNIK LOGISTIK (FRI) (2019),DOSEN PROFESIONAL FULL TIME,NJFA,0.09999999999999964,1.21,1.25,2.333333333333335,0.0,21.78666666666667,MEMENUHI,0
86,S1TL-044,S1TL,44,PRODI S1 TEKNIK LOGISTIK (FRI) (2019),DOSEN PROFESIONAL FULL TIME,NJFA,0.1666666666666643,1.415,0.75,2.0,0.0,34.86333333333333,MEMENUHI,0
87,S1TL-045,S1TL,45,PRODI S1 TEKNIK LOGISTIK (FRI) (2019),DOSEN PROFESIONAL FULL TIME,NJFA,0.23333333333333517,1.415,1.25,2.833333333333335,0.0,32.16333333333334,MEMENUHI,1
76,S1TL-046,S1TL,46,PRODI S1 TEKNIK LOGISTIK (FRI) (2019),DOSEN PROFESIONAL FULL TIME,NJFA,7.26,0.5,0.75,3.5,0.0,35.57,MEMENUHI,2
118,S2TI-021,S2TI,21,PRODI S2 TEKNIK INDUSTRI (FRI) (2019),DOSEN PEGAWAI TETAP,LK,8.04,3.25,3.1,2.5,0.0,39.88,MEMENUHI,2
123,S2TI-022,S2TI,22,PRODI S2 TEKNIK INDUSTRI (FRI) (2019),DOSEN PEGAWAI TETAP,LK,5.891666666666669,7.000000000000001,1.3,5.16666666666666,0.0,51.56666666666666,MEMENUHI,2
126,S2TI-023,S2TI,23,PRODI S2 TEKNIK INDUSTRI (FRI) (2019),DOSEN PEGAWAI TETAP,L,8.424999999999994,3.5,0.2,5.0,0.0,48.24999999999999,TDK MEMENUHI,2
31,S2TI-024,S2TI,24,PRODI S2 TEKNIK INDUSTRI (FRI) (2019),DOSEN PEGAWAI TETAP,L,4.466666666666663,5.915,1.05,5.83333333333335,0.0,44.08000000000003,MEMENUHI,2
29,S2TI-026,S2TI,26,PRODI S2 TEKNIK INDUSTRI (FRI) (2019),DOSEN PEGAWAI TETAP,AA,5.293333333333326,5.25,0.85,2.75,0.0,40.886666666666656,MEMENUHI,2
66,S2TI-027,S2TI,27,PRODI S2 TEKNIK INDUSTRI (FRI) (2019),DOSEN PROFESIONAL FULL TIME,LK,0.0,1.0,1.4,0.5,0.0,3.9000000000000004,TDK MEMENUHI,0
106,S1TI-011,S1TI,11,PRODI S1 TEKNIK INDUSTRI (FRI) (2019),DOSEN CALON PEGAWAI TETAP,NJFA,2.9899999999999967,4.25,1.35,3.333333333333335,0.0,49.94666666666667,MEMENUHI,2
64,S1TI-012,S1TI,12,PRODI S1 TEKNIK INDUSTRI (FRI) (2019),DOSEN PROFESIONAL FULL TIME,L,4.558333333333335,12.125,2.35,1.5,0.0,55.16666666666667,MEMENUHI,2
20,S1TI-013,S1TI,13,PRODI S1 TEKNIK INDUSTRI (FRI) (2019),DOSEN PEGAWAI TETAP,L,0.9999999999999991,2.2499999999999996,0.75,1.75,0.0,25.5,MEMENUHI,1
38,S1TI-014,S1TI,14,PRODI S1 TEKNIK INDUSTRI (FRI) (2019),DOSEN PEGAWAI TETAP,L,6.985000000000005,6.415,2.25,2.75,0.0,46.35000000000001,MEMENUHI,2
54,S1TI-015,S1TI,15,PRODI S1 TEKNIK INDUSTRI (FRI) (2019),DOSEN PEGAWAI TETAP,AA,1.3316666666666581,3.25,0.2,1.5,0.0,34.26333333333332,MEMENUHI,1
122,S1TI-016,S1TI,16,PRODI S1 TEKNIK INDUSTRI (FRI) (2019),DOSEN PEGAWAI TETAP,L,2.558333333333316,0.0,0.75,1.25,0.0,20.11666666666663,TDK MEMENUHI,1
116,S1TI-017,S1TI,17,PRODI S1 TEKNIK INDUSTRI (FRI) (2019),DOSEN PEGAWAI TETAP,L,3.9333333333333513,2.0,1.05,2.16666666666667,0.0,32.80000000000005,MEMENUHI,1
117,S1TI-018,S1TI,18,PRODI S1 TEKNIK INDUSTRI (FRI) (2019),DOSEN PEGAWAI TETAP,L,6.96666666666667,0.0,0.0,0.0,0.0,17.93333333333334,MEMENUHI,2
2,S1TI-019,S1TI,19,PRODI S1 TEKNIK INDUSTRI (FRI) (2019),DOSEN PEGAWAI TETAP,AA,1.66666666666665,0.0,0.75,0.0,0.0,22.3333333333333,TDK MEMENUHI,0
69,S1TI-020,S1TI,20,PRODI S1 TEKNIK INDUSTRI (FRI) (2019),DOSEN PEGAWAI TETAP,AA,5.4566666666666634,3.455,1.85,2.41666666666667,0.0,36.25666666666667,MEMENUHI,2
70,S1TI-021,S1TI,21,PRODI S1 TEKNIK INDUSTRI (FRI) (2019),DOSEN PEGAWAI TETAP,AA,5.876666666666658,1.0,1.35,5.999999999999985,0.0,47.68333333333329,MEMENUHI,2
127,S1TI-022,S1TI,22,PRODI S1 TEKNIK INDUSTRI (FRI) (2019),DOSEN PEGAWAI TETAP,L,8.935,3.625,0.2,0.75,0.0,30.52,TDK MEMENUHI,2
124,S1TI-023,S1TI,23,PRODI S1 TEKNIK INDUSTRI (FRI) (2019),DOSEN PEGAWAI TETAP,AA,5.82333333333334,0.5,1.25,1.25,0.0,23.74666666666668,MEMENUHI,2
120,S1TI-024,S1TI,24,PRODI S1 TEKNIK INDUSTRI (FRI) (2019),DOSEN PEGAWAI TETAP,L,8.260000000000002,0.0,1.75,1.0,0.0,30.020000000000003,TDK MEMENUHI,2
4,S1TI-025,S1TI,25,PRODI S1 TEKNIK INDUSTRI (FRI) (2019),DOSEN PEGAWAI TETAP,L,3.118333333333325,0.5,1.25,1.25,0.0,41.43666666666665,MEMENUHI,1
40,S1TI-026,S1TI,26,PRODI S1 TEKNIK INDUSTRI (FRI) (2019),DOSEN PEGAWAI TETAP,L,5.243333333333325,3.5,0.75,3.5,0.0,37.63666666666665,MEMENUHI,2
128,S1TI-027,S1TI,27,PRODI S1 TEKNIK INDUSTRI (FRI) (2019),DOSEN PEGAWAI TETAP,AA,0.8000000000000007,1.29,1.25,1.25,0.0,23.630000000000003,MEMENUHI,1
6,S1TI-028,S1TI,28,PRODI S1 TEKNIK INDUSTRI (FRI) (2019),DOSEN PEGAWAI TETAP,AA,5.826666666666661,1.75,1.65,1.25,0.0,31.453333333333322,MEMENUHI,2
71,S1TI-029,S1TI,29,PRODI S1 TEKNIK INDUSTRI (FRI) (2019),DOSEN PEGAWAI TETAP,AA,4.39333333333334,1.0000000000000002,1.25,4.66666666666665,0.0,33.369999999999976,MEMENUHI,2
61,S1TI-030,S1TI,30,PRODI S1 TEKNIK INDUSTRI (FRI) (2019),DOSEN PEGAWAI TETAP,L,3.2999999999999954,4.75,1.25,8.25,0.0,62.86999999999999,MEMENUHI,2
7,S1TI-031,S1TI,31,PRODI S1 TEKNIK INDUSTRI (FRI) (2019),DOSEN PEGAWAI TETAP,L,3.1666666666666643,2.0,2.35,3.25,0.0,37.53333333333333,MEMENUHI,1
3,S1TI-032,S1TI,32,PRODI S1 TEKNIK INDUSTRI (FRI) (2019),DOSEN PEGAWAI TETAP,AA,2.7250000000000005,3.0,0.75,4.333333333333335,0.0,42.91666666666667,MEMENUHI,2
45,S1TI-033,S1TI,33,PRODI S1 TEKNIK INDUSTRI (FRI) (2019),DOSEN PEGAWAI TETAP,AA,3.3933333333333344,1.5,0.75,3.166666666666665,0.0,28.82,MEMENUHI,1
125,S1TI-034,S1TI,34,PRODI S1 TEKNIK INDUSTRI (FRI) (2019),DOSEN PEGAWAI TETAP,L,4.11,3.915,0.75,3.333333333333335,0.0,35.21666666666667,MEMENUHI,2
35,S1TI-035,S1TI,35,PRODI S1 TEKNIK INDUSTRI (FRI) (2019),DOSEN PEGAWAI TETAP,AA,5.0233333333333405,3.71,2.65,2.25,0.0,42.16666666666668,MEMENUHI,2
9,S1TI-036,S1TI,36,PRODI S1 TEKNIK INDUSTRI (FRI) (2019),DOSEN PEGAWAI TETAP,L,2.231666666666665,3.25,0.75,0.75,0.0,20.96333333333333,TDK MEMENUHI,1
95,S1TI-037,S1TI,37,PRODI S1 TEKNIK INDUSTRI (FRI) (2019),DOSEN PEGAWAI TETAP,NJFA,3.0683333333333334,3.21,2.35,1.25,0.0,47.50666666666667,MEMENUHI,1
10,S1TI-038,S1TI,38,PRODI S1 TEKNIK INDUSTRI (FRI) (2019),DOSEN PEGAWAI TETAP,L,6.89,0.0,0.75,0.0,0.0,15.049999999999999,TDK MEMENUHI,2
50,S1TI-039,S1TI,39,PRODI S1 TEKNIK INDUSTRI (FRI) (2019),DOSEN PEGAWAI TETAP,AA,0.0,0.0,0.0,0.0,0.0,10.0,TDK MEMENUHI,0
49,S1TI-040,S1TI,40,PRODI S1 TEKNIK INDUSTRI (FRI) (2019),DOSEN PEGAWAI TETAP,AA,6.833333333333334,3.0,3.85,2.25,0.0,44.96666666666667,MEMENUHI,2
47,S1TI-041,S1TI,41,PRODI S1 TEKNIK INDUSTRI (FRI) (2019),DOSEN PEGAWAI TETAP,AA,2.9333333333333336,1.75,2.15,1.0,0.0,17.266666666666666,TDK MEMENUHI,1
14,S1TI-042,S1TI,42,PRODI S1 TEKNIK INDUSTRI (FRI) (2019),DOSEN PEGAWAI TETAP,L,6.85,0.0,0.0,0.0,0.0,13.7,TDK MEMENUHI,2
74,S1TI-043,S1TI,43,PRODI S1 TEKNIK INDUSTRI (FRI) (2019),DOSEN PROFESIONAL FULL TIME,AA,2.5233333333333334,3.0,2.35,5.91666666666665,0.0,44.17999999999997,MEMENUHI,2
129,S1TI-044,S1TI,44,PRODI S1 TEKNIK INDUSTRI (FRI) (2019),DOSEN PEGAWAI TETAP,L,8.689999999999998,1.33,1.35,2.25,0.0,60.53,MEMENUHI,2
51,S1TI-045,S1TI,45,PRODI S1 TEKNIK INDUSTRI (FRI) (2019),DOSEN PEGAWAI TETAP,AA,6.558333333333335,3.875,2.35,0.0,0.0,48.16666666666667,MEMENUHI,2
59,S1TI-046,S1TI,46,PRODI S1 TEKNIK INDUSTRI (FRI) (2019),DOSEN PEGAWAI TETAP,AA,4.1516666666666655,2.2100000000000004,2.45,1.5,0.0,40.52333333333333,MEMENUHI,1
121,S1TI-047,S1TI,47,PRODI S1 TEKNIK INDUSTRI (FRI) (2019),DOSEN PEGAWAI TETAP,L,7.311666666666665,0.33000000000000007,0.75,0.0,0.0,18.95333333333333,MEMENUHI,2
41,S1TI-048,S1TI,48,PRODI S1 TEKNIK INDUSTRI (FRI) (2019),DOSEN PEGAWAI TETAP,NJFA,6.55,2.0,0.0,0.75,0.0,25.17,MEMENUHI,2
100,S1TI-049,S1TI,49,PRODI S1 TEKNIK INDUSTRI (FRI) (2019),DOSEN CALON PEGAWAI TETAP,AA,3.8183333333333387,3.0,1.15,3.5,0.0,41.33666666666667,MEMENUHI,2
115,S1TI-050,S1TI,50,PRODI S1 TEKNIK INDUSTRI (FRI) (2019),DOSEN PEGAWAI TETAP,L,4.933333333333334,5.0,1.55,1.25,0.0,31.46666666666667,MEMENUHI,2
119,S1TI-051,S1TI,51,PRODI S1 TEKNIK INDUSTRI (FRI) (2019),DOSEN PEGAWAI TETAP,L,2.674999999999998,0.0,1.25,1.91666666666667,0.0,19.013333333333335,TDK MEMENUHI,1
43,S1TI-052,S1TI,52,PRODI S1 TEKNIK INDUSTRI (FRI) (2019),DOSEN PEGAWAI TETAP,AA,5.931666666666665,0.0,0.0,0.0,0.0,19.36333333333333,TDK MEMENUHI,1
11,S1TI-053,S1TI,53,PRODI S1 TEKNIK INDUSTRI (FRI) (2019),DOSEN PROFESIONAL PART TIME,NJFA,1.4333333333333398,0.5000000000000001,0.75,0.0,0.0,10.96666666666668,MEMENUHI,0
68,S1TI-054,S1TI,54,PRODI S1 TEKNIK INDUSTRI (FRI) (2019),DOSEN PROFESIONAL FULL TIME,LK,2.384999999999999,2.5,1.1,2.0,0.0,24.469999999999995,MEMENUHI,1
83,S1TI-055,S1TI,55,PRODI S1 TEKNIK INDUSTRI (FRI) (2019),DOSEN PROFESIONAL FULL TIME,NJFA,2.923333333333334,1.75,1.75,3.5,0.0,36.04666666666667,MEMENUHI,1
46,S1TI-056,S1TI,56,PRODI S1 TEKNIK INDUSTRI (FRI) (2019),DOSEN PROFESIONAL FULL TIME,AA,3.535,4.5,0.75,0.0,0.0,23.72,MEMENUHI,1
24,S1TI-057,S1TI,57,PRODI S1 TEKNIK INDUSTRI (FRI) (2019),DOSEN PROFESIONAL FULL TIME,NJFA,2.9333333333333336,2.415,0.55,1.0,0.0,30.94666666666667,MEMENUHI,1
94,S1TI-058,S1TI,58,PRODI S1 TEKNIK INDUSTRI (FRI) (2019),DOSEN PROFESIONAL FULL TIME,L,0.0,0.0,0.0,0.0,0.0,0.0,TDK MEMENUHI,0
72,S1TI-059,S1TI,59,PRODI S1 TEKNIK INDUSTRI (FRI) (2019),DOSEN PROFESIONAL FULL TIME,AA,2.41,1.75,1.85,2.0,0.0,31.22,MEMENUHI,1
104,S1TI-060,S1TI,60,PRODI S1 TEKNIK INDUSTRI (FRI) (2019),DOSEN PROFESIONAL FULL TIME,NJFA,0.0,0.0,0.0,0.0,0.0,0.0,TDK MEMENUHI,0
93,S1TI-061,S1TI,61,PRODI S1 TEKNIK INDUSTRI (FRI) (2019),DOSEN PROFESIONAL FULL TIME,NJFA,2.3183333333333316,2.0,0.0,0.0,0.0,29.436666666666664,TDK MEMENUHI,1
26,S1TI-062,S1TI,62,PRODI S1 TEKNIK INDUSTRI (FRI) (2019),DOSEN PROFESIONAL PART TIME,NJFA,0.8833333333333289,1.5,0.0,1.25,0.0,12.916666666666657,TDK MEMENUHI,0
58,S1TI-063,S1TI,63,PRODI S1 TEKNIK INDUSTRI (FRI) (2019),DOSEN PROFESIONAL FULL TIME,NJFA,2.3683333333333323,3.165,1.65,0.75,0.0,25.866666666666664,MEMENUHI,1
75,S1TI-064,S1TI,64,PRODI S1 TEKNIK INDUSTRI (FRI) (2019),DOSEN PROFESIONAL PART TIME,NJFA,0.0,0.0,0.0,0.0,0.0,2.4,TDK MEMENUHI,0
23,S1TI-065,S1TI,65,PRODI S1 TEKNIK INDUSTRI (FRI) (2019),DOSEN PROFESIONAL PART TIME,L,0.0,0.0,0.0,0.0,0.0,5.4,TDK MEMENUHI,0
30,S1TI-066,S1TI,66,PRODI S1 TEKNIK INDUSTRI (FRI) (2019),DOSEN PROFESIONAL FULL TIME,LK,4.168333333333333,5.75,2.8,2.083333333333335,0.0,40.60333333333334,MEMENUHI,2
89,S1TI-067,S1TI,67,PRODI S1 TEKNIK INDUSTRI (FRI) (2019),DOSEN PROFESIONAL PART TIME,NJFA,0.75,1.0,0.0,0.0,0.0,14.6,TDK MEMENUHI,0
113,S1TI-068,S1TI,68,PRODI S1 TEKNIK INDUSTRI (FRI) (2019),DOSEN PROFESIONAL FULL TIME,NJFA,0.0,0.0,0.0,0.0,0.0,0.0,TDK MEMENUHI,0
56,S1TI-069,S1TI,69,PRODI S1 TEKNIK INDUSTRI (FRI) (2019),DOSEN PROFESIONAL FULL TIME,AA,1.1666666666666643,0.0,0.0,0.0,0.0,14.433333333333328,TDK MEMENUHI,0
55,S1TI-070,S1TI,70,PRODI S1 TEKNIK INDUSTRI (FRI) (2019),DOSEN PROFESIONAL PART TIME,L,0.6983333333333288,0.41999999999999993,0.75,0.0,0.0,24.816666666666656,MEMENUHI,0
112,S1TI-071,S1TI,71,PRODI S1 TEKNIK INDUSTRI (FRI) (2019),DOSEN PROFESIONAL FULL TIME,NJFA,0.0,0.0,0.0,0.0,0.0,0.0,TDK MEMENUHI,0
90,S1TI-072,S1TI,72,PRODI S1 TEKNIK INDUSTRI (FRI) (2019),DOSEN PROFESIONAL FULL TIME,L,1.6849999999999987,0.0,0.0,1.0,0.0,24.869999999999997,TDK MEMENUHI,0
111,S1TI-073,S1TI,73,PRODI S1 TEKNIK INDUSTRI (FRI) (2019),DOSEN PROFESIONAL FULL TIME,NJFA,0.0,0.0,0.0,0.0,0.0,15.0,TDK MEMENUHI,0
101,S1TI-074,S1TI,74,PRODI S1 TEKNIK INDUSTRI (FRI) (2019),DOSEN PROFESIONAL FULL TIME,NJFA,0.0,0.0,0.0,0.0,0.0,0.0,TDK MEMENUHI,0
25,S1SI-031,S1SI,31,PRODI S1 SISTEM INFORMASI (FRI) (2019),DOSEN PROFESIONAL FULL TIME,NJFA,4.640000000000004,2.0,0.85,1.25,0.0,35.28000000000001,MEMENUHI,1
73,S1SI-032,S1SI,32,PRODI S1 SISTEM INFORMASI (FRI) (2019),DOSEN PROFESIONAL FULL TIME,NJFA,3.758333333333349,1.58,1.35,7.8333333333333,0.0,50.5433333333333,MEMENUHI,2
63,S1SI-033,S1SI,33,PRODI S1 SISTEM INFORMASI (FRI) (2019),DOSEN PROFESIONAL FULL TIME,L,2.856666666666669,2.0,1.05,1.5,0.0,32.81333333333334,MEMENUHI,1
32,S1SI-034,S1SI,34,PRODI S1 SISTEM INFORMASI (FRI) (2019),DOSEN PEGAWAI TETAP,AA,3.290000000000001,0.0,0.0,0.0,0.0,17.880000000000003,TDK MEMENUHI,1
77,S1SI-035,S1SI,35,PRODI S1 SISTEM INFORMASI (FRI) (2019),DOSEN PROFESIONAL FULL TIME,L,5.151666666666664,0.0,2.35,0.5,0.0,35.203333333333326,MEMENUHI,1
84,S1SI-036,S1SI,36,PRODI S1 SISTEM INFORMASI (FRI) (2019),DOSEN PROFESIONAL FULL TIME,NJFA,3.125,1.625,0.75,4.25,0.0,39.33,MEMENUHI,1
34,S1SI-037,S1SI,37,PRODI S1 SISTEM INFORMASI (FRI) (2019),DOSEN PEGAWAI TETAP,L,5.425000000000001,2.834999999999999,1.25,3.16666666666665,0.0,65.2533333333333,MEMENUHI,2
97,S1SI-038,S1SI,38,PRODI S1 SISTEM INFORMASI (FRI) (2019),DOSEN PEGAWAI TETAP,AA,3.193333333333335,1.21,2.35,8.0833333333333,0.0,55.84333333333328,MEMENUHI,2
53,S1SI-039,S1SI,39,PRODI S1 SISTEM INFORMASI (FRI) (2019),DOSEN PEGAWAI TETAP,AA,5.864999999999998,3.0,0.0,3.666666666666655,0.0,37.063333333333304,TDK MEMENUHI,2
13,S1SI-040,S1SI,40,PRODI S1 SISTEM INFORMASI (FRI) (2019),DOSEN PEGAWAI TETAP,L,6.0,0.0,0.0,0.0,0.0,12.0,TDK MEMENUHI,1
36,S1SI-041,S1SI,41,PRODI S1 SISTEM INFORMASI (FRI) (2019),DOSEN PEGAWAI TETAP,LK,7.758333333333327,3.0000000000000018,2.0,2.5,0.0,48.246666666666655,MEMENUHI,2
103,S1SI-042,S1SI,42,PRODI S1 SISTEM INFORMASI (FRI) (2019),DOSEN CALON PEGAWAI TETAP,NJFA,3.3916666666666657,0.8300000000000001,0.85,2.5,0.0,35.31333333333333,MEMENUHI,1
88,S1SI-043,S1SI,43,PRODI S1 SISTEM INFORMASI (FRI) (2019),DOSEN PEGAWAI TETAP,L,3.41,2.915,0.0,1.25,0.0,39.15,TDK MEMENUHI,1
60,S1SI-044,S1SI,44,PRODI S1 SISTEM INFORMASI (FRI) (2019),DOSEN PEGAWAI TETAP,AA,5.4,0.0,0.0,0.0,0.0,10.8,TDK MEMENUHI,1
28,S1SI-045,S1SI,45,PRODI S1 SISTEM INFORMASI (FRI) (2019),DOSEN PEGAWAI TETAP,L,6.033333333333333,2.0,0.2,0.0,0.0,15.266666666666666,MEMENUHI,2
48,S1SI-046,S1SI,46,PRODI S1 SISTEM INFORMASI (FRI) (2019),DOSEN PEGAWAI TETAP,AA,3.695000000000004,1.9150000000000005,0.55,1.583333333333335,0.0,32.18666666666668,MEMENUHI,1
82,S1SI-047,S1SI,47,PRODI S1 SISTEM INFORMASI (FRI) (2019),DOSEN PROFESIONAL FULL TIME,NJFA,5.464999999999996,3.205,1.35,6.666666666666685,0.0,66.37333333333336,MEMENUHI,2
92,S1SI-048,S1SI,48,PRODI S1 SISTEM INFORMASI (FRI) (2019),DOSEN PEGAWAI TETAP,L,4.818333333333335,4.875000000000001,0.95,6.916666666666639,0.0,69.21999999999994,MEMENUHI,2
5,S1SI-049,S1SI,49,PRODI S1 SISTEM INFORMASI (FRI) (2019),DOSEN PEGAWAI TETAP,AA,6.0,0.0,0.0,0.0,0.0,12.0,TDK MEMENUHI,1
37,S1SI-050,S1SI,50,PRODI S1 SISTEM INFORMASI (FRI) (2019),DOSEN PEGAWAI TETAP,L,5.734999999999999,3.165,2.25,1.333333333333335,0.0,32.46666666666667,MEMENUHI,2
57,S1SI-051,S1SI,51,PRODI S1 SISTEM INFORMASI (FRI) (2019),DOSEN PEGAWAI TETAP,NJFA,6.0,0.0,0.0,0.0,0.0,12.0,TDK MEMENUHI,1
62,S1SI-052,S1SI,52,PRODI S1 SISTEM INFORMASI (FRI) (2019),DOSEN PEGAWAI TETAP,AA,5.383333333333333,1.375,0.95,3.1666666666666847,0.0,47.250000000000036,MEMENUHI,2
98,S1SI-053,S1SI,53,PRODI S1 SISTEM INFORMASI (FRI) (2019),DOSEN PEGAWAI TETAP,AA,3.8599999999999994,1.8299999999999998,1.45,10.16666666666682,0.0,55.043333333333635,MEMENUHI,2
78,S1SI-054,S1SI,54,PRODI S1 SISTEM INFORMASI (FRI) (2019),DOSEN PROFESIONAL FULL TIME,AA,6.1733333333333285,2.33,1.55,4.333333333333335,0.0,44.77333333333333,MEMENUHI,2
52,S1SI-055,S1SI,55,PRODI S1 SISTEM INFORMASI (FRI) (2019),DOSEN PEGAWAI TETAP,AA,6.26666666666667,3.795,1.75,4.49999999999999,0.0,50.42333333333332,MEMENUHI,2
1,S1SI-056,S1SI,56,PRODI S1 SISTEM INFORMASI (FRI) (2019),DOSEN PEGAWAI TETAP,L,3.1733333333333285,7.3500000000000005,2.45,3.75,0.0,85.94666666666666,MEMENUHI,2
8,S1SI-057,S1SI,57,PRODI S1 SISTEM INFORMASI (FRI) (2019),DOSEN PEGAWAI TETAP,AA,0.5,0.0,0.0,0.0,0.0,1.0,TDK MEMENUHI,0
33,S1SI-058,S1SI,58,PRODI S1 SISTEM INFORMASI (FRI) (2019),DOSEN PEGAWAI TETAP,AA,6.7816666666666485,3.0,1.55,5.083333333333335,0.0,52.529999999999966,MEMENUHI,2
18,S1SI-059,S1SI,59,PRODI S1 SISTEM INFORMASI (FRI) (2019),DOSEN PEGAWAI TETAP,L,2.341666666666664,2.25,0.0,2.5,0.0,25.733333333333327,TDK MEMENUHI,1
67,S1SI-060,S1SI,60,PRODI S1 SISTEM INFORMASI (FRI) (2019),DOSEN PEGAWAI TETAP,L,6.1850000000000005,2.25,0.55,2.083333333333335,0.0,44.63666666666668,MEMENUHI,2
42,S1SI-061,S1SI,61,PRODI S1 SISTEM INFORMASI (FRI) (2019),DOSEN PEGAWAI TETAP,AA,5.4,0.0,0.0,0.0,0.0,10.8,TDK MEMENUHI,1
39,S1SI-062,S1SI,62,PRODI S1 SISTEM INFORMASI (FRI) (2019),DOSEN PEGAWAI TETAP,AA,8.066666666666674,8.25,3.35,6.75,0.0,74.73333333333335,MEMENUHI,2
44,S1SI-063,S1SI,63,PRODI S1 SISTEM INFORMASI (FRI) (2019),DOSEN PEGAWAI TETAP,AA,4.276666666666664,2.5,0.0,3.75,0.0,39.75333333333333,TDK MEMENUHI,2
21,S1SI-064,S1SI,64,PRODI S1 SISTEM INFORMASI (FRI) (2019),DOSEN PEGAWAI TETAP,AA,4.558333333333339,3.0,2.55,5.750000000000005,0.0,52.81666666666669,MEMENUHI,2
19,S1SI-065,S1SI,65,PRODI S1 SISTEM INFORMASI (FRI) (2019),DOSEN PEGAWAI TETAP,L,6.5,0.0,0.75,0.5,0.0,16.3,TDK MEMENUHI,2
27,S1SI-066,S1SI,66,PRODI S1 SISTEM INFORMASI (FRI) (2019),DOSEN PROFESIONAL PART TIME,NJFA,0.25333333333333385,0.5,0.0,1.25,0.0,21.006666666666668,TDK MEMENUHI,0
81,S1SI-067,S1SI,67,PRODI S1 SISTEM INFORMASI (FRI) (2019),DOSEN PROFESIONAL FULL TIME,NJFA,3.3433333333333337,1.25,1.75,9.08333333333335,0.0,53.35333333333337,MEMENUHI,2
65,S1SI-068,S1SI,68,PRODI S1 SISTEM INFORMASI (FRI) (2019),DOSEN PROFESIONAL FULL TIME,AA,4.223333333333315,2.165,1.75,2.66666666666665,0.0,38.14999999999993,MEMENUHI,2
16,S1SI-069,S1SI,69,PRODI S1 SISTEM INFORMASI (FRI) (2019),DOSEN PROFESIONAL PART TIME,L,0.0,0.0,0.0,0.5,0.0,11.0,TDK MEMENUHI,0
108,S1SI-070,S1SI,70,PRODI S1 SISTEM INFORMASI (FRI) (2019),DOSEN PROFESIONAL FULL TIME,NJFA,2.335000000000001,0.0,0.0,0.0,0.0,28.67,TDK MEMENUHI,0
109,S1SI-071,S1SI,71,PRODI S1 SISTEM INFORMASI (FRI) (2019),DOSEN PROFESIONAL FULL TIME,NJFA,1.875,0.0,0.0,0.0,0.0,27.75,TDK MEMENUHI,0
114,S1SI-072,S1SI,72,PRODI S1 SISTEM INFORMASI (FRI) (2019),DOSEN PROFESIONAL FULL TIME,L,0.0,0.0,0.0,0.0,0.0,28.5,TDK MEMENUHI,0
105,S1SI-073,S1SI,73,PRODI S1 SISTEM INFORMASI (FRI) (2019),DOSEN PROFESIONAL FULL TIME,NJFA,0.0,0.0,0.0,0.0,0.0,0.0,TDK MEMENUHI,0
110,S1SI-074,S1SI,74,PRODI S1 SISTEM INFORMASI (FRI) (2019),DOSEN PROFESIONAL FULL TIME,NJFA,0.0,0.0,0.0,0.0,0.0,0.0,TDK MEMENUHI,0
96,S1SI-076,S1SI,76,PRODI S1 SISTEM INFORMASI (FRI) (2019),DOSEN PROFESIONAL FULL TIME,NJFA,0.0,0.0,0.0,0.0,0.0,0.0,TDK MEMENUHI,0
107,S1SI-079,S1SI,79,PRODI S1 SISTEM INFORMASI (FRI) (2019),DOSEN PROFESIONAL FULL TIME,NJFA,1.75,0.0,0.0,0.0,0.0,34.0,TDK MEMENUHI,0
102,S1SI-080,S1SI,80,PRODI S1 SISTEM INFORMASI (FRI) (2019),DOSEN PROFESIONAL FULL TIME,L,0.0,0.0,0.0,0.0,0.0,0.0,TDK MEMENUHI,0
17,S1SI-081,S1SI,81,PRODI S1 SISTEM INFORMASI (FRI) (2019),DOSEN PROFESIONAL FULL TIME,NJFA,2.965,1.0,0.75,1.0,0.0,28.93,MEMENUHI,1
15,S1SI-082,S1SI,82,PRODI S1 SISTEM INFORMASI (FRI) (2019),DOSEN PROFESIONAL FULL TIME,AA,1.3999999999999986,2.0,1.05,0.75,0.0,24.9,MEMENUHI,1
99,S1SI-084,S1SI,84,PRODI S1 SISTEM INFORMASI (FRI) (2019),DOSEN PROFESIONAL FULL TIME,NJFA,0.0,0.0,0.0,0.0,0.0,0.0,TDK MEMENUHI,0
12,S1TI-085,S1TI,85,PRODI S1 TEKNIK INDUSTRI (FRI) (2019),DOSEN PROFESIONAL FULL TIME,L,3.576666666666674,4.0,1.25,1.0,0.0,37.10333333333335,MEMENUHI,1
22,S1TI-086,S1TI,86,PRODI S1 TEKNIK INDUSTRI (FRI) (2019),DOSEN PROFESIONAL FULL TIME,NJFA,2.735000000000001,2.75,0.75,1.75,0.0,28.67,MEMENUHI,1
79,S1TI-087,S1TI,87,PRODI S1 TEKNIK INDUSTRI (FRI) (2019),DOSEN PROFESIONAL FULL TIME,NJFA,0.666666666666665,0.42000000000000004,1.75,0.0,0.0,5.15333333333333,TDK MEMENUHI,0
85,S1TL-041,S1TL,41,PRODI S1 TEKNIK LOGISTIK (FRI) (2019),DOSEN PROFESIONAL FULL TIME,NJFA,0.23333333333333428,1.495,1.25,1.75,0.0,39.25666666666667,MEMENUHI,0
91,S1TL-042,S1TL,42,PRODI S1 TEKNIK LOGISTIK (FRI) (2019),DOSEN PEGAWAI TETAP,NJFA,1.5999999999999996,1.25,0.75,5.5,0.0,33.099999999999994,MEMENUHI,1
80,S1TL-043,S1TL,43,PRODI S1 TEKNIK LOGISTIK (FRI) (2019),DOSEN PROFESIONAL FULL TIME,NJFA,0.09999999999999964,1.21,1.25,2.333333333333335,0.0,21.78666666666667,MEMENUHI,0
86,S1TL-044,S1TL,44,PRODI S1 TEKNIK LOGISTIK (FRI) (2019),DOSEN PROFESIONAL FULL TIME,NJFA,0.1666666666666643,1.415,0.75,2.0,0.0,34.86333333333333,MEMENUHI,0
87,S1TL-045,S1TL,45,PRODI S1 TEKNIK LOGISTIK (FRI) (2019),DOSEN PROFESIONAL FULL TIME,NJFA,0.23333333333333517,1.415,1.25,2.833333333333335,0.0,32.16333333333334,MEMENUHI,1
76,S1TL-046,S1TL,46,PRODI S1 TEKNIK LOGISTIK (FRI) (2019),DOSEN PROFESIONAL FULL TIME,NJFA,7.26,0.5,0.75,3.5,0.0,35.57,MEMENUHI,2
